{"spot_diameter_fullres": 25.278255, "tissue_hires_scalef": 0.53821313, "fiducial_diameter_fullres": 40.83410599999999, "tissue_lowres_scalef": 0.16146395}